acquired,anomalous_pixels,clear_confidence_percent,clear_percent,cloud_cover,cloud_percent,ground_control,gsd,heavy_haze_percent,instrument,item_type,light_haze_percent,pixel_resolution,provider,published,publishing_stage,quality_category,satellite_azimuth,satellite_id,shadow_percent,snow_ice_percent,strip_id,sun_azimuth,sun_elevation,updated,view_angle,visible_confidence_percent,visible_percent,id,date,hour_min_sec,Useful_Scene,
2023-01-07T15:27:09.737766Z,0,94,100,0,0,TRUE,3.9,0,PSB.SD,PSScene,0,3,planetscope,2023-01-08T01:07:35Z,finalized,standard,100.6,2470,0,0,6196152,153.5,25.6,2023-01-08T07:03:50Z,5.1,69,100,20230107_152709_73_2470,20230107,152709,N,
2023-01-09T14:54:12.72997Z,0,96,100,0,0,TRUE,3.9,0,PSB.SD,PSScene,0,3,planetscope,2023-01-10T02:34:41Z,finalized,standard,273.3,2453,0,0,6200385,145.2,22.1,2023-01-11T01:05:28Z,1.4,68,100,20230109_145412_72_2453,20230109,145412,N,
2023-01-09T14:54:15.040847Z,0,95,100,0,0,TRUE,3.9,0,PSB.SD,PSScene,0,3,planetscope,2023-01-10T00:52:58Z,finalized,standard,274.3,2453,0,0,6200385,145.1,22.2,2023-01-11T01:05:28Z,1.4,81,100,20230109_145415_04_2453,20230109,145415,N,
2023-01-09T15:27:55.596231Z,0,95,100,0,0,TRUE,3.9,0,PSB.SD,PSScene,0,3,planetscope,2023-01-10T00:58:19Z,finalized,standard,110.1,24a3,0,0,6200740,153.3,25.8,2023-01-13T08:11:06Z,0.8,83,100,20230109_152755_59_24a3,20230109,152755,N,
2023-01-15T15:28:12.593236Z,0,96,100,0,0,TRUE,3.9,0,PSB.SD,PSScene,0,3,planetscope,2023-01-15T23:26:54Z,finalized,standard,121.3,2488,0,0,6214306,152.2,26.4,2023-01-16T04:01:21Z,0.4,71,100,20230115_152812_59_2488,20230115,152812,N,
2023-01-15T15:28:14.921776Z,0,96,100,0,0,TRUE,3.9,0,PSB.SD,PSScene,0,3,planetscope,2023-01-15T23:26:54Z,finalized,standard,121.6,2488,0,0,6214306,152.1,26.5,2023-01-16T04:01:21Z,0.4,96,100,20230115_152814_92_2488,20230115,152814,N,
2023-01-15T15:28:17.250316Z,0,96,100,0,0,TRUE,3.9,0,PSB.SD,PSScene,0,3,planetscope,2023-01-15T23:26:54Z,finalized,standard,119.6,2488,0,0,6214306,152,26.6,2023-01-16T04:01:21Z,0.4,65,100,20230115_152817_25_2488,20230115,152817,N,
2023-01-16T15:28:33.843102Z,0,95,100,0,0,TRUE,3.9,0,PSB.SD,PSScene,0,3,planetscope,2023-01-17T08:22:48Z,finalized,standard,104.2,249a,0,0,6216578,152.3,26.6,2023-01-17T12:58:56Z,2.1,62,100,20230116_152833_84_249a,20230116,152833,N,
2023-01-16T15:28:36.152394Z,0,93,100,0,0,TRUE,3.9,0,PSB.SD,PSScene,0,3,planetscope,2023-01-17T08:22:48Z,finalized,standard,104.2,249a,0,0,6216578,152.2,26.8,2023-01-17T12:58:54Z,2.1,60,100,20230116_152836_15_249a,20230116,152836,N,
2023-01-20T15:38:14.781136Z,0,95,100,0,0,TRUE,4,0,PSB.SD,PSScene,0,3,planetscope,2023-01-21T01:12:28Z,finalized,standard,277.7,2416,0,0,6226266,153.1,27.8,2023-01-21T07:02:57Z,5,71,100,20230120_153814_78_2416,20230120,153814,N,
2023-01-20T15:38:17.095396Z,0,94,99,0,0,TRUE,4,0,PSB.SD,PSScene,0,3,planetscope,2023-01-21T01:12:28Z,finalized,standard,277.7,2416,1,0,6226266,153,27.9,2023-01-21T07:02:57Z,5,63,100,20230120_153817_09_2416,20230120,153817,N,
2023-01-21T15:27:25.891119Z,0,96,100,0,0,TRUE,3.9,0,PSB.SD,PSScene,0,3,planetscope,2023-01-21T22:45:57Z,finalized,standard,101,247b,0,0,6228174,151.4,27.6,2023-01-22T04:37:22Z,4.2,96,100,20230121_152725_89_247b,20230121,152725,N,
2023-01-21T15:28:53.258572Z,0,96,100,0,0,TRUE,3.9,0,PSB.SD,PSScene,0,3,planetscope,2023-01-22T00:53:04Z,finalized,standard,102.5,2477,0,0,6228345,151.3,27.6,2023-01-22T04:36:55Z,2.9,64,100,20230121_152853_25_2477,20230121,152853,N,
2023-01-24T15:14:13.431783Z,0,94,100,0,0,TRUE,3.7,0,PSB.SD,PSScene,0,3,planetscope,2023-01-25T02:29:11Z,finalized,test,273.2,2262,0,0,6235359,147.2,26.4,2023-01-27T00:57:25Z,1.7,53,100,20230124_151413_43_2262,20230124,151413,N,
2023-01-26T15:28:58.30233Z,0,97,100,0,0,TRUE,3.9,0,PSB.SD,PSScene,0,3,planetscope,2023-01-27T06:22:05Z,finalized,standard,100.6,247b,0,0,6241298,150.6,28.4,2023-02-17T17:52:39Z,4.4,66,100,20230126_152858_30_247b,20230126,152858,N,
2023-01-26T15:29:00.58143Z,0,98,100,0,0,TRUE,3.9,0,PSB.SD,PSScene,0,3,planetscope,2023-01-27T06:22:05Z,finalized,standard,100.7,247b,0,0,6241298,150.6,28.6,2023-02-17T17:52:39Z,4.4,98,100,20230126_152900_58_247b,20230126,152900,N,
2023-01-27T14:57:32.798111Z,0,92,100,0,0,TRUE,4,0,PSB.SD,PSScene,0,3,planetscope,2023-04-19T13:44:21Z,finalized,standard,100.9,24c7,0,0,6243626,143.3,25.4,2023-04-19T13:44:21Z,5.2,74,100,20230127_145732_79_24c7,20230127,145732,N,
2023-01-27T14:57:35.100311Z,0,91,99,0,0,TRUE,4,0,PSB.SD,PSScene,1,3,planetscope,2023-04-19T13:44:21Z,finalized,standard,100.9,24c7,0,0,6243626,143.2,25.5,2023-04-19T13:44:21Z,5.1,72,100,20230127_145735_10_24c7,20230127,145735,N,
2023-01-27T15:34:50.793867Z,0,96,100,0,0,TRUE,3.9,0,PSB.SD,PSScene,0,3,planetscope,2023-01-28T02:27:32Z,finalized,standard,102.4,2424,0,0,6242828,151.8,29.2,2023-01-28T09:58:15Z,2.9,76,100,20230127_153450_79_2424,20230127,153450,N,
2023-01-27T15:34:53.05859Z,0,96,100,0,0,TRUE,3.9,0,PSB.SD,PSScene,0,3,planetscope,2023-01-27T23:41:19Z,finalized,standard,102.4,2424,0,0,6242828,151.8,29.3,2023-01-28T09:58:34Z,3,68,100,20230127_153453_05_2424,20230127,153453,N,
2023-01-28T14:55:09.951296Z,0,96,100,0,0,TRUE,3.9,0,PSB.SD,PSScene,0,3,planetscope,2023-01-28T21:20:44Z,finalized,standard,276.9,241f,0,0,6245107,141.8,24.8,2023-01-29T03:57:41Z,3.3,68,100,20230128_145509_95_241f,20230128,145509,N,
2023-01-28T14:55:12.171161Z,0,96,100,0,0,TRUE,3.9,0,PSB.SD,PSScene,0,3,planetscope,2023-01-28T21:20:44Z,finalized,standard,276.7,241f,0,0,6245107,141.7,24.9,2023-01-29T03:57:37Z,3.3,67,100,20230128_145512_17_241f,20230128,145512,N,
2023-01-29T15:31:03.327049Z,0,95,100,0,0,TRUE,4,0,PSB.SD,PSScene,0,3,planetscope,2023-01-29T23:21:15Z,finalized,standard,277.9,2473,0,0,6247848,149.9,29.1,2023-01-30T09:57:50Z,5,69,100,20230129_153103_32_2473,20230129,153103,N,
2023-02-04T14:57:54.241328Z,0,96,100,0,0,TRUE,4,0,PSB.SD,PSScene,0,3,planetscope,2023-04-08T04:26:47Z,finalized,standard,101.1,24a8,0,0,6261996,141.8,27.1,2023-04-08T04:26:47Z,4.8,75,100,20230204_145754_24_24a8,20230204,145754,N,
2023-02-04T15:28:22.561244Z,0,96,100,0,0,TRUE,4,0,PSB.SD,PSScene,0,3,planetscope,2023-02-05T07:03:02Z,finalized,standard,100.7,2481,0,0,6263444,149.1,30.7,2023-02-05T12:29:25Z,5,68,100,20230204_152822_56_2481,20230204,152822,Y,
2023-02-04T15:28:24.845385Z,0,96,100,0,0,TRUE,4,0,PSB.SD,PSScene,0,3,planetscope,2023-02-05T07:03:03Z,finalized,standard,100.8,2481,0,0,6263444,149,30.8,2023-02-05T12:29:26Z,5,79,100,20230204_152824_84_2481,20230204,152824,N,
2023-02-06T15:30:24.783942Z,0,95,89,0,0,TRUE,3.9,0,PSB.SD,PSScene,0,3,planetscope,2023-02-07T01:16:38Z,finalized,standard,275.9,247e,11,0,6267398,148.7,31,2023-02-07T09:58:43Z,2.6,78,100,20230206_153024_78_247e,20230206,153024,N,
2023-02-13T15:31:07.733401Z,0,97,100,0,0,TRUE,3.9,0,PSB.SD,PSScene,0,3,planetscope,2023-02-14T00:55:22Z,finalized,standard,276,2498,0,0,6285794,147.7,33.1,2023-02-14T09:58:13Z,2.3,97,100,20230213_153107_73_2498,20230213,153107,N,
2023-02-13T15:31:10.024524Z,0,97,100,0,0,TRUE,3.9,0,PSB.SD,PSScene,0,3,planetscope,2023-02-13T23:09:27Z,finalized,standard,275.8,2498,0,0,6285794,147.6,33.2,2023-02-14T05:05:38Z,2.3,97,100,20230213_153110_02_2498,20230213,153110,N,
2023-02-14T14:51:01.539685Z,0,95,100,0,0,TRUE,3.8,0,PSB.SD,PSScene,0,3,planetscope,2023-02-15T10:33:02Z,finalized,standard,272.8,242b,0,0,6288974,137.7,28.6,2023-03-31T16:04:28Z,1.4,67,100,20230214_145101_53_242b,20230214,145101,N,
2023-02-14T14:51:03.727452Z,0,94,100,0,0,TRUE,3.8,0,PSB.SD,PSScene,0,3,planetscope,2023-02-15T07:46:04Z,finalized,standard,272.9,242b,0,0,6288974,137.6,28.7,2023-03-31T16:04:28Z,1.5,67,100,20230214_145103_72_242b,20230214,145103,N,
2023-02-14T14:59:43.400524Z,0,94,100,0,0,TRUE,4,0,PSB.SD,PSScene,0,3,planetscope,2023-05-08T14:36:13Z,finalized,standard,115.8,24bf,0,0,6287899,139.8,29.8,2023-05-08T14:36:13Z,0.9,70,100,20230214_145943_40_24bf,20230214,145943,N,
2023-02-14T15:01:29.175776Z,0,95,100,0,0,TRUE,4.1,0,PSB.SD,PSScene,0,3,planetscope,2023-04-13T15:07:23Z,finalized,standard,277.6,24b4,0,0,6287704,139.8,29.8,2023-04-13T15:07:23Z,4.9,74,100,20230214_150129_17_24b4,20230214,150129,N,
2023-02-14T15:01:31.566802Z,0,94,100,0,0,TRUE,4.1,0,PSB.SD,PSScene,0,3,planetscope,2023-04-13T15:07:23Z,finalized,standard,277.7,24b4,0,0,6287704,139.7,29.9,2023-04-13T15:07:23Z,4.9,70,100,20230214_150131_56_24b4,20230214,150131,N,
2023-02-18T14:52:10.083196Z,0,97,100,0,0,TRUE,3.8,0,PSB.SD,PSScene,0,3,planetscope,2023-02-18T23:33:43Z,finalized,standard,277.1,2449,0,0,6297048,136.9,29.9,2023-02-19T05:03:47Z,3.8,97,100,20230218_145210_08_2449,20230218,145210,N,
2023-02-18T14:52:12.266411Z,0,96,100,0,0,TRUE,3.8,0,PSB.SD,PSScene,0,3,planetscope,2023-02-19T01:08:43Z,finalized,standard,277.1,2449,0,0,6297048,136.8,30,2023-02-19T07:05:23Z,3.8,78,100,20230218_145212_26_2449,20230218,145212,Y,
2023-02-21T15:32:55.631679Z,0,93,100,0,0,TRUE,3.9,0,PSB.SD,PSScene,0,3,planetscope,2023-02-22T02:57:39Z,finalized,standard,101,2416,0,0,6303938,147.6,36.3,2023-03-30T20:09:08Z,5,72,100,20230221_153255_63_2416,20230221,153255,N,
2023-02-21T15:32:57.856902Z,0,94,100,0,0,TRUE,3.9,0,PSB.SD,PSScene,0,3,planetscope,2023-02-21T23:57:38Z,finalized,test,100.9,2416,0,0,6303938,147.5,36.4,2023-03-30T20:09:08Z,5,72,100,20230221_153257_85_2416,20230221,153257,N,
2023-03-04T15:29:47.16815Z,0,98,100,0,0,TRUE,3.8,0,PSB.SD,PSScene,0,3,planetscope,2023-03-05T02:16:54Z,finalized,standard,274.3,2480,0,0,6330447,144.2,39.6,2023-03-09T07:08:13Z,2.4,73,100,20230304_152947_16_2480,20230304,152947,N,
2023-03-04T15:29:49.403779Z,0,98,100,0,0,TRUE,3.8,0,PSB.SD,PSScene,0,3,planetscope,2023-03-05T02:16:55Z,finalized,standard,274.2,2480,0,0,6330447,144.1,39.7,2023-03-09T07:08:15Z,2.3,75,100,20230304_152949_40_2480,20230304,152949,N,
2023-03-05T14:51:01.183863Z,0,96,100,0,0,TRUE,3.8,0,PSB.SD,PSScene,0,3,planetscope,2023-03-06T00:22:12Z,finalized,standard,101.2,2429,0,0,6332738,134.5,35.3,2023-03-06T10:22:21Z,5,96,100,20230305_145101_18_2429,20230305,145101,N,
2023-03-05T15:14:23.5118Z,0,98,100,0,0,TRUE,3.6,0,PSB.SD,PSScene,0,3,planetscope,2023-03-06T01:08:45Z,finalized,standard,100.9,2262,0,0,6333104,140.1,38.2,2023-03-06T11:12:03Z,4.8,98,100,20230305_151423_51_2262,20230305,151423,N,
2023-03-05T15:14:25.588897Z,0,98,100,0,0,TRUE,3.6,0,PSB.SD,PSScene,0,3,planetscope,2023-03-06T01:08:35Z,finalized,standard,100.9,2262,0,0,6333104,140,38.3,2023-03-06T11:12:05Z,4.8,70,100,20230305_151425_58_2262,20230305,151425,N,
2023-03-06T14:51:06.113082Z,0,92,99,0,0,TRUE,3.8,0,PSB.SD,PSScene,1,3,planetscope,2023-03-07T00:20:09Z,finalized,standard,100.8,2431,0,0,6335337,133.9,35.5,2023-03-13T04:53:58Z,5,61,100,20230306_145106_11_2431,20230306,145106,N,
2023-03-06T14:51:08.306624Z,0,96,100,0,0,TRUE,3.8,0,PSB.SD,PSScene,0,3,planetscope,2023-03-07T00:20:22Z,finalized,standard,100.8,2431,0,0,6335337,133.8,35.6,2023-03-13T04:54:01Z,5.1,71,100,20230306_145108_30_2431,20230306,145108,N,
2023-03-07T14:57:04.222108Z,0,94,100,0,0,TRUE,4.1,0,PSB.SD,PSScene,0,3,planetscope,2023-03-07T17:38:01Z,finalized,standard,101.7,24cf,0,0,6337428,135.4,36.8,2023-03-09T03:43:00Z,4,94,100,20230307_145704_22_24cf,20230307,145704,N,
2023-03-07T14:57:06.641591Z,0,95,100,0,0,TRUE,4.1,0,PSB.SD,PSScene,0,3,planetscope,2023-03-09T03:49:02Z,finalized,standard,101.6,24cf,0,0,6337428,135.3,36.9,2023-03-09T12:58:36Z,4,65,100,20230307_145706_64_24cf,20230307,145706,N,
2023-03-07T15:45:37.548548Z,0,97,100,0,0,TRUE,3.7,0,PSB.SD,PSScene,0,3,planetscope,2023-03-08T04:59:20Z,finalized,standard,101.1,2413,0,0,6337967,148.8,42.6,2023-03-09T05:22:55Z,4.9,87,100,20230307_154537_54_2413,20230307,154537,N,
2023-03-07T15:45:39.627185Z,0,97,99,0,0,TRUE,3.7,0,PSB.SD,PSScene,0,3,planetscope,2023-03-08T04:58:33Z,finalized,standard,101.2,2413,0,0,6337967,148.7,42.7,2023-03-09T08:00:24Z,5,75,100,20230307_154539_62_2413,20230307,154539,N,
2023-03-08T15:26:59.453738Z,0,97,100,0,0,TRUE,3.8,0,PSB.SD,PSScene,0,3,planetscope,2023-03-09T02:55:47Z,finalized,standard,101.1,2486,0,0,6340409,143.6,41.1,2023-03-13T04:50:14Z,4.9,86,100,20230308_152659_45_2486,20230308,152659,N,
2023-03-08T15:27:01.680896Z,0,98,100,0,0,TRUE,3.8,0,PSB.SD,PSScene,0,3,planetscope,2023-03-09T02:56:10Z,finalized,standard,101.1,2486,0,0,6340409,143.5,41.2,2023-03-13T04:50:16Z,4.9,80,100,20230308_152701_68_2486,20230308,152701,N,
2023-03-08T15:33:03.881634Z,0,98,100,0,0,TRUE,3.8,0,PSB.SD,PSScene,0,3,planetscope,2023-03-09T08:22:14Z,finalized,standard,277.8,248f,0,0,6340936,144,41.1,2023-03-09T12:08:55Z,5,98,100,20230308_153303_88_248f,20230308,153303,N,
2023-03-08T15:33:06.107506Z,0,98,100,0,0,TRUE,3.8,0,PSB.SD,PSScene,0,3,planetscope,2023-03-09T08:19:46Z,finalized,standard,277.8,248f,0,0,6340936,143.9,41.2,2023-03-09T12:08:57Z,4.9,78,100,20230308_153306_10_248f,20230308,153306,N,
2023-03-09T14:50:17.391892Z,0,97,100,0,0,TRUE,3.8,0,PSB.SD,PSScene,0,3,planetscope,2023-03-10T02:26:52Z,finalized,standard,104.8,2455,0,0,6343019,132.7,36.2,2023-03-10T10:00:37Z,1.7,97,100,20230309_145017_39_2455,20230309,145017,N,
2023-03-09T15:29:41.052319Z,0,97,100,0,0,TRUE,3.8,0,PSB.SD,PSScene,0,3,planetscope,2023-03-10T04:26:30Z,finalized,standard,273.3,247f,0,0,6343119,143.4,41.4,2023-03-10T08:27:33Z,1.7,87,100,20230309_152941_05_247f,20230309,152941,N,
2023-03-09T15:29:43.273922Z,0,97,100,0,0,TRUE,3.8,0,PSB.SD,PSScene,0,3,planetscope,2023-03-10T01:21:15Z,finalized,standard,273.3,247f,0,0,6343119,143.3,41.5,2023-03-10T08:27:36Z,1.7,74,100,20230309_152943_27_247f,20230309,152943,N,
2023-03-14T14:53:17.233565Z,0,97,100,0,0,TRUE,3.8,0,PSB.SD,PSScene,0,3,planetscope,2023-03-15T00:34:56Z,finalized,standard,248.1,241f,0,0,6355915,132.6,38.5,2023-03-20T22:06:43Z,0.3,74,100,20230314_145317_23_241f,20230314,145317,N,
2023-03-14T14:53:19.419143Z,0,97,100,0,0,TRUE,3.8,0,PSB.SD,PSScene,0,3,planetscope,2023-03-15T00:34:05Z,finalized,standard,248.5,241f,0,0,6355915,132.5,38.6,2023-03-20T22:06:45Z,0.3,97,100,20230314_145319_41_241f,20230314,145319,Y,
2023-03-15T14:57:54.473562Z,0,96,100,0,0,TRUE,4.1,0,PSB.SD,PSScene,0,3,planetscope,2023-03-16T00:49:02Z,finalized,standard,100.3,24c9,0,0,6358945,133.7,39.7,2023-03-16T21:02:21Z,5,75,100,20230315_145754_47_24c9,20230315,145754,N,
2023-03-15T15:29:27.648075Z,0,97,100,0,0,TRUE,3.8,0,PSB.SD,PSScene,0,3,planetscope,2023-03-15T23:39:35Z,finalized,standard,102.9,2446,0,0,6358722,142.8,43.8,2023-03-16T04:08:31Z,2.8,78,100,20230315_152927_64_2446,20230315,152927,N,
2023-03-15T15:29:29.86695Z,0,97,100,0,0,TRUE,3.8,0,PSB.SD,PSScene,0,3,planetscope,2023-03-15T23:39:38Z,finalized,standard,102.8,2446,0,0,6358722,142.7,43.9,2023-03-16T04:08:35Z,2.8,77,100,20230315_152929_86_2446,20230315,152929,Y,
2023-03-16T14:58:21.754709Z,0,97,100,0,0,TRUE,4.1,0,PSB.SD,PSScene,0,3,planetscope,2023-03-17T02:16:43Z,finalized,standard,102.3,24c3,0,0,6361747,133.6,40,2023-03-20T08:31:23Z,2.3,76,100,20230316_145821_75_24c3,20230316,145821,N,
2023-03-16T14:58:24.158253Z,0,97,100,0,0,TRUE,4.1,0,PSB.SD,PSScene,0,3,planetscope,2023-03-17T02:15:23Z,finalized,standard,102.3,24c3,0,0,6361747,133.5,40,2023-03-20T08:31:26Z,2.3,71,100,20230316_145824_15_24c3,20230316,145824,Y,
2023-03-19T15:28:56.64788Z,0,97,100,0,0,TRUE,3.8,0,PSB.SD,PSScene,0,3,planetscope,2023-03-20T00:58:42Z,finalized,standard,100.8,2477,0,0,6369238,142,45.3,2023-03-20T09:03:19Z,5,73,100,20230319_152856_64_2477,20230319,152856,N,
2023-03-19T15:28:58.850443Z,0,97,100,0,0,TRUE,3.8,0,PSB.SD,PSScene,0,3,planetscope,2023-03-20T01:00:43Z,finalized,standard,100.9,2477,0,0,6369238,141.9,45.4,2023-03-20T09:03:21Z,5,97,100,20230319_152858_85_2477,20230319,152858,N,
2023-03-19T15:29:01.053006Z,0,97,100,0,0,TRUE,3.8,0,PSB.SD,PSScene,0,3,planetscope,2023-03-20T01:00:20Z,finalized,standard,101,2477,0,0,6369238,141.8,45.5,2023-03-20T09:03:23Z,5,72,100,20230319_152901_05_2477,20230319,152901,N,
2023-03-20T15:29:46.033736Z,0,97,100,0,0,TRUE,3.8,0,PSB.SD,PSScene,0,3,planetscope,2023-03-21T03:59:42Z,finalized,standard,110.8,2485,0,0,6371503,141.7,45.6,2023-03-21T10:06:04Z,0.5,74,100,20230320_152946_03_2485,20230320,152946,N,
2023-03-20T15:29:50.383467Z,0,97,100,0,0,TRUE,3.8,0,PSB.SD,PSScene,0,3,planetscope,2023-03-21T03:59:20Z,finalized,standard,111,2485,0,0,6371503,141.4,45.8,2023-03-21T10:06:04Z,0.5,71,100,20230320_152950_38_2485,20230320,152950,N,
2023-03-21T15:17:07.678422Z,0,93,100,0,0,TRUE,3.5,0,PSB.SD,PSScene,0,3,planetscope,2023-03-22T03:26:40Z,finalized,standard,102.6,2251,0,0,6374678,137.8,44.5,2023-03-23T09:25:51Z,3,67,100,20230321_151707_67_2251,20230321,151707,N,
2023-03-23T15:49:29.066242Z,0,92,99,0,0,TRUE,3.6,0,PSB.SD,PSScene,1,3,planetscope,2023-03-24T08:47:15Z,finalized,test,277.8,2405,0,0,6379442,146.6,48.8,2023-03-24T12:58:02Z,4.2,58,100,20230323_154929_06_2405,20230323,154929,N,
2023-03-23T15:49:31.106301Z,0,90,99,0,0,TRUE,3.6,0,PSB.SD,PSScene,1,3,planetscope,2023-03-24T08:45:23Z,finalized,standard,277.9,2405,0,0,6379442,146.5,48.9,2023-03-24T12:57:49Z,4.3,65,100,20230323_154931_10_2405,20230323,154931,N,
2023-03-26T15:18:12.61091Z,0,96,100,0,0,TRUE,3.5,0,PSB.SD,PSScene,0,3,planetscope,2023-03-26T23:13:37Z,finalized,standard,277.6,2262,0,0,6386736,136.4,46,2023-03-27T04:00:47Z,5.1,72,100,20230326_151812_61_2262,20230326,151812,N,
2023-03-26T15:18:16.69367Z,0,97,100,0,0,TRUE,3.5,0,PSB.SD,PSScene,0,3,planetscope,2023-03-26T23:14:31Z,finalized,standard,277.5,2262,0,0,6386736,136.1,46.2,2023-03-27T04:00:47Z,5.1,97,100,20230326_151816_69_2262,20230326,151816,N,
2023-03-30T14:49:02.204842Z,0,96,100,0,0,TRUE,3.8,0,PSB.SD,PSScene,0,3,planetscope,2023-03-31T04:29:20Z,finalized,standard,116.3,2451,0,0,6395270,127.8,43.6,2023-04-02T05:57:37Z,0.7,96,100,20230330_144902_20_2451,20230330,144902,N,
2023-03-30T14:49:04.425115Z,0,95,100,0,0,TRUE,3.8,0,PSB.SD,PSScene,0,3,planetscope,2023-03-31T04:28:54Z,finalized,standard,115.4,2451,0,0,6395270,127.7,43.7,2023-04-02T05:57:37Z,0.6,95,100,20230330_144904_42_2451,20230330,144904,N,
2023-03-30T15:00:06.566272Z,0,97,100,0,0,TRUE,4,0,PSB.SD,PSScene,0,3,planetscope,2023-03-30T23:08:54Z,finalized,standard,274.3,24b5,0,0,6395045,130.3,45,2023-04-03T03:37:06Z,1.8,73,100,20230330_150006_56_24b5,20230330,150006,N,
2023-03-30T15:00:08.898976Z,0,96,100,0,0,TRUE,4,0,PSB.SD,PSScene,0,3,planetscope,2023-03-30T23:08:05Z,finalized,standard,273.8,24b5,0,0,6395045,130.2,45.1,2023-04-03T03:37:06Z,1.8,96,100,20230330_150008_89_24b5,20230330,150008,N,
2023-04-02T14:54:06.517797Z,0,97,100,0,0,TRUE,3.7,0,PSB.SD,PSScene,0,3,planetscope,2023-04-02T22:31:51Z,finalized,standard,268.5,241b,0,0,6403143,127.8,45.2,2023-04-03T04:07:53Z,0.9,69,100,20230402_145406_51_241b,20230402,145406,Y,
2023-04-02T14:57:41.816416Z,0,95,100,0,0,TRUE,4,0,PSB.SD,PSScene,0,3,planetscope,2023-04-02T22:42:44Z,finalized,standard,104.6,24c4,0,0,6403156,129.2,46.2,2023-04-06T23:38:39Z,1.8,88,100,20230402_145741_81_24c4,20230402,145741,N,
2023-04-03T14:59:32.039579Z,0,93,100,0,0,TRUE,4,0,PSB.SD,PSScene,0,3,planetscope,2023-04-03T23:15:18Z,finalized,standard,113.2,24cf,0,0,6405663,129.4,46.5,2023-04-04T04:17:44Z,0.9,64,100,20230403_145932_03_24cf,20230403,145932,N,
2023-04-03T14:59:34.394525Z,0,87,99,0,0,TRUE,4,0,PSB.SD,PSScene,1,3,planetscope,2023-04-03T23:15:30Z,finalized,standard,113.4,24cf,0,0,6405663,129.3,46.5,2023-04-04T04:17:46Z,0.9,62,100,20230403_145934_39_24cf,20230403,145934,N,
2023-04-05T15:01:37.352152Z,0,89,100,0,0,TRUE,4,0,PSB.SD,PSScene,0,3,planetscope,2023-04-05T22:38:52Z,finalized,standard,277.9,24b2,0,0,6410740,128.6,47.1,2023-04-06T06:53:17Z,4.6,62,100,20230405_150137_35_24b2,20230405,150137,N,
2023-04-10T15:00:16.450966Z,0,95,100,0,0,TRUE,4,0,PSB.SD,PSScene,0,3,planetscope,2023-04-11T04:09:53Z,finalized,standard,278.8,2415,0,0,6425163,127.4,48.8,2023-04-11T12:58:41Z,4.2,73,100,20230410_150016_45_2415,20230410,150016,N,
2023-04-10T15:00:18.779655Z,0,95,100,0,0,TRUE,4,0,PSB.SD,PSScene,0,3,planetscope,2023-04-11T06:08:08Z,finalized,standard,278.7,2415,0,0,6425163,127.2,48.8,2023-04-11T12:58:32Z,4.2,95,100,20230410_150018_77_2415,20230410,150018,N,
2023-04-10T15:34:15.180013Z,0,99,100,0,0,TRUE,3.8,0,PSB.SD,PSScene,0,3,planetscope,2023-04-11T02:31:18Z,finalized,standard,277.7,247d,0,0,6424654,137.7,53.5,2023-04-17T05:47:48Z,5,79,100,20230410_153415_18_247d,20230410,153415,N,
2023-04-10T15:34:17.3702Z,0,99,100,0,0,TRUE,3.8,0,PSB.SD,PSScene,0,3,planetscope,2023-04-11T02:30:18Z,finalized,standard,277.8,247d,0,0,6424654,137.5,53.6,2023-04-17T05:47:48Z,5,70,100,20230410_153417_37_247d,20230410,153417,N,
2023-04-11T15:29:00.716892Z,0,97,100,0,0,TRUE,3.7,0,PSB.SD,PSScene,0,3,planetscope,2023-04-12T02:25:32Z,finalized,standard,101.4,249c,0,0,6427765,137.2,53.8,2023-04-13T10:52:08Z,4.1,76,100,20230411_152900_71_249c,20230411,152900,N,
2023-04-11T15:29:02.87202Z,0,96,100,0,0,TRUE,3.7,0,PSB.SD,PSScene,0,3,planetscope,2023-04-12T02:25:33Z,finalized,standard,101.3,249c,0,0,6427765,137,53.9,2023-04-13T10:52:08Z,4.1,96,100,20230411_152902_87_249c,20230411,152902,Y,
2023-04-11T15:29:05.027203Z,0,97,100,0,0,TRUE,3.7,0,PSB.SD,PSScene,0,3,planetscope,2023-04-12T02:25:35Z,finalized,test,101.3,249c,0,0,6427765,136.8,54,2023-04-13T10:52:08Z,4.1,97,100,20230411_152905_02_249c,20230411,152905,N,
2023-04-11T15:31:06.529631Z,0,99,100,0,0,TRUE,3.7,0,PSB.SD,PSScene,0,3,planetscope,2023-04-11T22:42:58Z,finalized,standard,105.9,2486,0,0,6427496,137.3,53.8,2023-04-12T04:56:27Z,1.8,78,100,20230411_153106_52_2486,20230411,153106,N,
2023-04-11T15:31:08.717739Z,0,99,100,0,0,TRUE,3.7,0,PSB.SD,PSScene,0,3,planetscope,2023-04-11T22:44:07Z,finalized,standard,105.5,2486,0,0,6427496,137.1,53.8,2023-04-12T04:56:27Z,1.9,77,100,20230411_153108_71_2486,20230411,153108,N,
2023-04-13T14:53:44.09531Z,0,98,100,0,0,TRUE,3.8,0,PSB.SD,PSScene,0,3,planetscope,2023-04-14T04:08:48Z,finalized,standard,277.9,242b,0,0,6432254,124.2,48.4,2023-04-14T09:58:28Z,5,79,100,20230413_145344_09_242b,20230413,145344,N,
2023-04-13T14:53:46.260407Z,0,99,100,0,0,TRUE,3.8,0,PSB.SD,PSScene,0,3,planetscope,2023-04-14T04:10:32Z,finalized,standard,277.8,242b,0,0,6432254,124,48.4,2023-04-14T09:58:03Z,5,74,100,20230413_145346_26_242b,20230413,145346,N,
2023-04-13T15:31:19.489499Z,0,98,100,0,0,TRUE,3.7,0,PSB.SD,PSScene,0,3,planetscope,2023-04-14T01:10:20Z,finalized,standard,109.9,2477,0,0,6432637,137,54.6,2023-04-14T10:28:32Z,0.8,75,100,20230413_153119_48_2477,20230413,153119,N,
2023-04-13T15:31:21.677885Z,0,97,100,0,0,TRUE,3.7,0,PSB.SD,PSScene,0,3,planetscope,2023-04-14T02:46:43Z,finalized,standard,109.7,2477,0,0,6432637,136.9,54.6,2023-04-14T10:28:32Z,0.8,97,100,20230413_153121_67_2477,20230413,153121,Y,
2023-04-13T15:31:23.866271Z,0,97,100,0,0,TRUE,3.7,0,PSB.SD,PSScene,0,3,planetscope,2023-04-14T01:09:56Z,finalized,standard,108.8,2477,0,0,6432637,136.7,54.7,2023-04-14T10:28:32Z,0.8,97,100,20230413_153123_86_2477,20230413,153123,N,
2023-04-16T14:51:54.91005Z,0,98,99,0,0,TRUE,3.7,0,PSB.SD,PSScene,1,3,planetscope,2023-04-16T17:39:15Z,finalized,standard,134.5,2420,0,0,6439007,123.5,49.4,2023-04-17T04:06:15Z,0.2,64,100,20230416_145154_91_2420,20230416,145154,N,
2023-04-16T14:51:57.103824Z,0,98,100,0,0,TRUE,3.7,0,PSB.SD,PSScene,0,3,planetscope,2023-04-16T17:37:56Z,finalized,standard,135.7,2420,0,0,6439007,123.3,49.5,2023-04-17T04:06:06Z,0.2,98,100,20230416_145157_10_2420,20230416,145157,N,
2023-04-16T14:51:59.297598Z,0,99,100,0,0,TRUE,3.7,0,PSB.SD,PSScene,0,3,planetscope,2023-04-16T17:37:41Z,finalized,standard,135,2420,0,0,6439007,123.2,49.5,2023-04-17T04:05:57Z,0.2,99,100,20230416_145159_29_2420,20230416,145159,N,
2023-04-16T15:20:53.486225Z,0,98,100,0,0,TRUE,3.5,0,PSB.SD,PSScene,0,3,planetscope,2023-04-17T01:09:06Z,finalized,standard,150.9,2276,0,0,6439557,132.6,54.1,2023-04-17T08:34:11Z,0.4,98,100,20230416_152053_48_2276,20230416,152053,N,
2023-04-16T15:20:55.521664Z,0,97,100,0,0,TRUE,3.5,0,PSB.SD,PSScene,0,3,planetscope,2023-04-17T01:08:53Z,finalized,standard,150.8,2276,0,0,6439557,132.4,54.1,2023-04-17T08:34:12Z,0.4,97,100,20230416_152055_52_2276,20230416,152055,Y,
2023-04-16T15:20:57.557103Z,0,97,100,0,0,TRUE,3.5,0,PSB.SD,PSScene,0,3,planetscope,2023-04-17T01:10:57Z,finalized,standard,151.5,2276,0,0,6439557,132.2,54.2,2023-04-17T08:34:12Z,0.4,97,100,20230416_152057_55_2276,20230416,152057,N,
2023-04-18T15:20:27.204262Z,0,95,100,0,0,TRUE,3.5,0,PSB.SD,PSScene,0,3,planetscope,2023-04-18T22:45:52Z,finalized,standard,276.2,2251,0,0,6444160,131.7,54.6,2023-04-24T04:21:43Z,2.9,95,100,20230418_152027_20_2251,20230418,152027,N,
2023-04-18T15:20:29.239041Z,0,95,100,0,0,TRUE,3.5,0,PSB.SD,PSScene,0,3,planetscope,2023-04-19T00:28:13Z,finalized,standard,276.4,2251,0,0,6444160,131.5,54.6,2023-04-24T04:21:43Z,2.9,95,100,20230418_152029_23_2251,20230418,152029,N,
2023-04-19T15:29:15.118238Z,0,97,100,0,0,TRUE,3.8,0,PSB.SD,PSScene,0,3,planetscope,2023-04-20T01:19:56Z,finalized,standard,100.8,249c,0,0,6446257,135,56.5,2023-04-20T06:01:49Z,5,97,100,20230419_152915_11_249c,20230419,152915,N,
2023-04-19T15:29:17.279934Z,0,97,100,0,0,TRUE,3.8,0,PSB.SD,PSScene,0,3,planetscope,2023-04-20T01:19:55Z,finalized,standard,100.7,249c,0,0,6446257,134.8,56.6,2023-04-20T06:01:49Z,5,74,100,20230419_152917_27_249c,20230419,152917,N,
2023-04-21T14:56:20.262981Z,0,98,100,0,0,TRUE,3.7,0,PSB.SD,PSScene,0,3,planetscope,2023-04-21T20:23:52Z,finalized,standard,272.4,2427,0,0,6450558,123.1,51.6,2023-04-22T04:55:45Z,1.5,98,100,20230421_145620_26_2427,20230421,145620,N,
2023-04-21T14:56:22.40302Z,0,97,100,0,0,TRUE,3.7,0,PSB.SD,PSScene,0,3,planetscope,2023-04-21T20:23:25Z,finalized,standard,272.5,2427,0,0,6450558,122.9,51.6,2023-04-22T04:55:46Z,1.5,97,100,20230421_145622_40_2427,20230421,145622,N,
2023-04-21T14:56:24.543059Z,0,98,100,0,0,TRUE,3.7,0,PSB.SD,PSScene,0,3,planetscope,2023-04-21T20:31:43Z,finalized,standard,272.5,2427,0,0,6450558,122.7,51.7,2023-04-22T04:55:46Z,1.5,98,100,20230421_145624_54_2427,20230421,145624,N,
2023-04-21T14:58:37.722953Z,0,97,100,0,0,TRUE,3.9,0,PSB.SD,PSScene,0,3,planetscope,2023-04-21T21:16:37Z,finalized,standard,102.2,24c4,0,0,6450627,123.9,52.3,2023-05-23T15:19:05Z,3.7,97,100,20230421_145837_72_24c4,20230421,145837,N,
2023-04-21T14:58:39.97506Z,0,97,100,0,0,TRUE,3.9,0,PSB.SD,PSScene,0,3,planetscope,2023-04-21T21:15:18Z,finalized,standard,102.3,24c4,0,0,6450627,123.7,52.3,2023-05-23T15:19:05Z,3.7,97,100,20230421_145839_97_24c4,20230421,145839,N,
2023-04-23T14:48:54.241267Z,0,96,100,0,0,TRUE,3.8,0,PSB.SD,PSScene,0,3,planetscope,2023-04-25T07:04:13Z,finalized,standard,101.1,2447,0,0,6455730,121.1,51.4,2023-04-25T16:25:03Z,4.9,74,100,20230423_144854_24_2447,20230423,144854,N,
2023-04-23T14:48:56.379678Z,0,95,100,0,0,TRUE,3.8,0,PSB.SD,PSScene,0,3,planetscope,2023-04-25T07:55:27Z,finalized,standard,101,2447,0,0,6455730,120.9,51.5,2023-04-25T16:25:03Z,4.9,95,100,20230423_144856_37_2447,20230423,144856,N,
2023-04-25T15:31:26.900001Z,0,93,100,0,0,TRUE,3.7,0,PSB.SD,PSScene,0,3,planetscope,2023-04-26T06:45:21Z,finalized,standard,104.7,247b,0,0,6460918,133.6,58.6,2023-04-26T14:28:01Z,1.5,76,100,20230425_153126_90_247b,20230425,153126,N,
2023-05-05T14:53:06.421041Z,0,93,100,0,0,TRUE,3.7,0,PSB.SD,PSScene,0,3,planetscope,2023-05-06T06:38:11Z,finalized,standard,277.7,242b,0,0,6486234,117.1,54.3,2023-05-07T06:02:42Z,5,79,100,20230505_145306_42_242b,20230505,145306,N,
2023-05-10T14:53:44.49728Z,0,83,100,0,0,TRUE,3.7,0,PSB.SD,PSScene,0,3,planetscope,2023-05-11T00:01:13Z,finalized,test,101.6,245c,0,0,6498122,116.8,56,2023-05-12T03:57:07Z,3.7,67,100,20230510_145344_49_245c,20230510,145344,N,
2023-05-10T14:53:46.639562Z,0,86,100,0,0,TRUE,3.7,0,PSB.SD,PSScene,0,3,planetscope,2023-05-11T02:26:05Z,finalized,standard,101.5,245c,0,0,6498122,116.5,56.1,2023-05-12T03:57:08Z,3.7,68,100,20230510_145346_63_245c,20230510,145346,N,
2023-05-10T14:53:48.781844Z,0,91,100,0,0,TRUE,3.7,0,PSB.SD,PSScene,0,3,planetscope,2023-05-11T00:02:25Z,finalized,standard,101.3,245c,0,0,6498122,116.3,56.1,2023-05-12T03:57:08Z,3.7,91,100,20230510_145348_78_245c,20230510,145348,N,
2023-05-14T15:29:37.075095Z,0,97,100,0,0,TRUE,3.8,0,PSB.SD,PSScene,0,3,planetscope,2023-05-14T20:53:08Z,finalized,standard,101.1,24a4,0,0,6507853,127.1,62.9,2023-05-15T03:56:12Z,4.7,97,100,20230514_152937_07_24a4,20230514,152937,Y,Already Downloaded
2023-05-14T15:29:39.287455Z,0,96,100,0,0,TRUE,3.8,0,PSB.SD,PSScene,0,3,planetscope,2023-05-14T23:13:29Z,finalized,standard,101,24a4,0,0,6507853,126.9,62.9,2023-05-15T03:56:12Z,4.7,96,100,20230514_152939_28_24a4,20230514,152939,Y,Already Downloaded
2023-05-22T14:58:06.743282Z,0,88,100,0,0,TRUE,3.9,0,PSB.SD,PSScene,0,3,planetscope,2023-05-22T20:50:55Z,finalized,standard,101.1,24cf,0,0,6526351,113.9,58.6,2023-05-23T04:19:32Z,5,68,100,20230522_145806_74_24cf,20230522,145806,N,
2023-05-22T14:58:09.039523Z,0,90,100,0,0,TRUE,3.9,0,PSB.SD,PSScene,0,3,planetscope,2023-05-23T03:02:20Z,finalized,standard,101.2,24cf,0,0,6526351,113.7,58.6,2023-05-23T09:58:42Z,5,70,100,20230522_145809_03_24cf,20230522,145809,N,
2023-05-22T14:59:32.454524Z,0,91,100,0,0,TRUE,3.9,0,PSB.SD,PSScene,0,3,planetscope,2023-05-23T00:20:29Z,finalized,standard,111.1,24c5,0,0,6526636,114,58.5,2023-05-23T10:05:34Z,0.8,91,100,20230522_145932_45_24c5,20230522,145932,N,
2023-05-22T14:59:34.758241Z,0,92,100,0,0,TRUE,3.9,0,PSB.SD,PSScene,0,3,planetscope,2023-05-23T00:20:48Z,finalized,standard,111.3,24c5,0,0,6526636,113.7,58.6,2023-05-23T10:05:34Z,0.8,92,100,20230522_145934_75_24c5,20230522,145934,N,
2023-05-22T15:35:24.572145Z,0,89,100,0,0,TRUE,3.8,0,PSB.SD,PSScene,0,3,planetscope,2023-05-22T23:14:24Z,finalized,standard,278.1,2478,0,0,6526474,125.2,64.2,2023-05-23T03:59:41Z,5.1,89,100,20230522_153524_57_2478,20230522,153524,N,
2023-05-22T15:35:26.741709Z,0,87,100,0,0,TRUE,3.8,0,PSB.SD,PSScene,0,3,planetscope,2023-05-22T23:11:36Z,finalized,standard,278,2478,0,0,6526474,124.9,64.3,2023-05-23T03:59:41Z,5.1,87,100,20230522_153526_74_2478,20230522,153526,N,
2023-06-06T14:52:05.73648Z,0,69,93,0,0,TRUE,3.6,0,PSB.SD,PSScene,7,3,planetscope,2023-06-07T02:52:49Z,finalized,standard,274.8,2460,0,0,6560415,107.9,58,2023-06-08T06:11:01Z,2.1,58,100,20230606_145205_73_2460,20230606,145205,N,
2023-06-09T14:52:15.76821Z,0,74,100,0,0,TRUE,3.7,0,PSB.SD,PSScene,0,3,planetscope,2023-06-10T00:42:18Z,finalized,standard,274.7,242b,0,0,6566869,107.6,58.2,2023-06-12T03:25:43Z,1.9,62,100,20230609_145215_76_242b,20230609,145215,N,
2023-06-09T14:52:17.867443Z,0,74,100,0,0,TRUE,3.6,0,PSB.SD,PSScene,0,3,planetscope,2023-06-10T00:44:00Z,finalized,standard,274.5,242b,0,0,6566869,107.3,58.2,2023-06-12T03:25:43Z,1.9,62,100,20230609_145217_86_242b,20230609,145217,N,
2023-06-09T14:52:19.96662Z,0,75,100,0,0,TRUE,3.6,0,PSB.SD,PSScene,0,3,planetscope,2023-06-10T00:43:24Z,finalized,standard,274.5,242b,0,0,6566869,107.1,58.2,2023-06-12T03:25:43Z,1.9,62,100,20230609_145219_96_242b,20230609,145219,N,
2023-06-10T14:57:10.248651Z,0,95,100,0,0,TRUE,4,0,PSB.SD,PSScene,0,3,planetscope,2023-06-11T00:31:56Z,finalized,standard,102.1,24bb,0,0,6569537,109,59.6,2023-06-11T04:30:08Z,3.5,95,100,20230610_145710_24_24bb,20230610,145710,N,
2023-06-10T15:24:21.676491Z,0,95,100,0,0,TRUE,3.4,0,PSB.SD,PSScene,0,3,planetscope,2023-06-10T22:56:46Z,finalized,standard,102.1,2251,0,0,6569301,116.5,64.2,2023-06-12T03:15:06Z,3.4,95,100,20230610_152421_67_2251,20230610,152421,N,
2023-06-10T15:24:23.514307Z,0,95,100,0,0,TRUE,3.4,0,PSB.SD,PSScene,0,3,planetscope,2023-06-10T21:00:55Z,finalized,standard,102,2251,0,0,6569301,116.3,64.2,2023-06-12T03:15:06Z,3.3,83,100,20230610_152423_51_2251,20230610,152423,N,
2023-06-13T14:51:07.43705Z,0,94,100,0,0,TRUE,3.6,0,PSB.SD,PSScene,0,3,planetscope,2023-06-13T21:26:19Z,finalized,standard,110.3,2455,0,0,6575829,106.8,58.2,2023-06-14T07:57:38Z,0.9,73,100,20230613_145107_43_2455,20230613,145107,N,
2023-06-13T14:51:09.53225Z,0,94,100,0,0,TRUE,3.6,0,PSB.SD,PSScene,0,3,planetscope,2023-06-14T00:18:19Z,finalized,standard,110.6,2455,0,0,6575829,106.6,58.2,2023-06-14T07:57:38Z,0.9,94,100,20230613_145109_53_2455,20230613,145109,N,
2023-06-14T15:01:13.784876Z,0,95,100,0,0,TRUE,4,0,PSB.SD,PSScene,0,3,planetscope,2023-06-15T01:01:57Z,finalized,standard,276,24cf,0,0,6578405,108.6,59.7,2023-06-19T06:55:18Z,2.7,95,100,20230614_150113_78_24cf,20230614,150113,Y,
2023-06-15T14:54:45.15344Z,0,90,98,0,0,TRUE,3.7,0,PSB.SD,PSScene,1,3,planetscope,2023-06-15T22:48:05Z,finalized,standard,101.1,2440,0,0,6580475,107.7,59,2023-06-16T04:19:27Z,5,66,100,20230615_145445_15_2440,20230615,145445,N,
2023-06-15T14:54:47.236654Z,0,91,99,0,0,TRUE,3.7,0,PSB.SD,PSScene,0,3,planetscope,2023-06-15T22:47:08Z,finalized,standard,101.1,2440,0,0,6580475,107.4,59,2023-06-16T04:20:46Z,5,60,100,20230615_145447_23_2440,20230615,145447,N,
2023-06-15T14:54:49.319923Z,0,93,100,0,0,TRUE,3.7,0,PSB.SD,PSScene,0,3,planetscope,2023-06-15T22:48:51Z,finalized,standard,101.1,2440,0,0,6580475,107.2,59,2023-06-16T04:19:18Z,5,93,100,20230615_145449_31_2440,20230615,145449,N,
2023-06-15T15:36:21.524717Z,0,88,97,0,0,TRUE,3.8,0,PSB.SD,PSScene,2,3,planetscope,2023-06-15T19:40:41Z,finalized,standard,101,241c,0,0,6580372,120.1,66.4,2023-06-16T04:15:20Z,4.2,71,100,20230615_153621_52_241c,20230615,153621,N,
2023-06-15T15:36:23.670548Z,0,90,100,0,0,TRUE,3.8,0,PSB.SD,PSScene,0,3,planetscope,2023-06-15T19:41:33Z,finalized,standard,101,241c,0,0,6580372,119.8,66.5,2023-06-16T04:15:20Z,4.2,79,100,20230615_153623_67_241c,20230615,153623,N,
2023-06-18T15:30:58.422343Z,0,85,100,0,0,TRUE,3.7,0,PSB.SD,PSScene,0,3,planetscope,2023-06-19T01:01:07Z,finalized,standard,102,248b,0,0,6587687,117.6,65.7,2023-06-19T05:56:52Z,3.6,74,100,20230618_153058_42_248b,20230618,153058,N,
2023-06-27T14:56:34.298152Z,0,90,100,0,0,TRUE,3.6,0,PSB.SD,PSScene,0,3,planetscope,2023-06-28T00:33:19Z,finalized,standard,271.3,2429,0,0,6607718,107,58.5,2023-06-28T04:20:34Z,1.4,66,100,20230627_145634_29_2429,20230627,145634,N,
2023-06-27T14:56:36.404836Z,0,90,100,0,0,TRUE,3.7,0,PSB.SD,PSScene,0,3,planetscope,2023-06-28T00:33:45Z,finalized,standard,271.2,2429,0,0,6607718,106.8,58.6,2023-06-28T04:20:34Z,1.4,90,100,20230627_145636_40_2429,20230627,145636,N,
2023-06-27T15:00:02.277325Z,0,96,100,0,0,TRUE,4,0,PSB.SD,PSScene,0,3,planetscope,2023-06-28T00:10:49Z,finalized,standard,104.6,24bb,0,0,6607960,107.8,59.1,2023-06-28T06:20:04Z,1.8,96,100,20230627_150002_27_24bb,20230627,150002,N,
