acquired,anomalous_pixels,clear_confidence_percent,clear_percent,cloud_cover,cloud_percent,ground_control,gsd,heavy_haze_percent,instrument,item_type,light_haze_percent,pixel_resolution,provider,published,publishing_stage,quality_category,satellite_azimuth,satellite_id,shadow_percent,snow_ice_percent,strip_id,sun_azimuth,sun_elevation,updated,view_angle,visible_confidence_percent,visible_percent,id,date,hour_min_sec,Useful_Scene
2022-07-05T15:25:48.402145Z,0,96,99,0,0,TRUE,4.1,0,PSB.SD,PSScene,0,3,planetscope,2022-07-07T03:51:50Z,finalized,standard,100.7,247e,0,0,5763411,116.3,63.7,2022-07-07T11:29:47Z,5,71,100,20220705_152548_40_247e,20220705,152548,Y
2022-07-05T15:25:50.698867Z,0,98,100,0,0,TRUE,4.1,0,PSB.SD,PSScene,0,3,planetscope,2022-07-07T02:08:17Z,finalized,standard,100.8,247e,0,0,5763411,116,63.8,2022-07-07T11:29:46Z,5,79,100,20220705_152550_69_247e,20220705,152550,N
2022-07-05T15:30:53.392272Z,0,100,100,0,0,TRUE,4.1,0,PSB.SD,PSScene,0,3,planetscope,2022-07-07T08:54:36Z,finalized,standard,277.6,247d,0,0,5764937,116.3,63.7,2022-07-07T14:48:19Z,5,79,100,20220705_153053_39_247d,20220705,153053,N
2022-07-12T15:25:34.695435Z,0,98,99,0,0,TRUE,4.1,0,PSB.SD,PSScene,0,3,planetscope,2022-07-13T04:47:48Z,finalized,standard,100.8,24a5,0,0,5780522,117.1,63,2022-07-13T08:45:34Z,5,81,100,20220712_152534_69_24a5,20220712,152534,N
2022-07-17T14:51:19.003997Z,0,93,100,0,0,TRUE,4,0,PSB.SD,PSScene,0,3,planetscope,2022-07-18T02:31:12Z,finalized,standard,101.4,2457,0,0,5793028,108.6,56.1,2022-07-18T05:07:46Z,5,93,100,20220717_145119_00_2457,20220717,145119,N
2022-07-17T14:51:21.297716Z,0,94,100,0,0,TRUE,4,0,PSB.SD,PSScene,0,3,planetscope,2022-07-18T02:31:12Z,finalized,standard,101.4,2457,0,0,5793028,108.3,56.1,2022-07-18T05:07:35Z,5,94,100,20220717_145121_29_2457,20220717,145121,N
2022-07-20T15:45:22.259627Z,0,95,100,0,0,TRUE,3.9,0,PSB.SD,PSScene,0,3,planetscope,2023-02-04T19:19:13Z,finalized,standard,271.1,2402,0,0,5799527,125.5,64.8,2023-02-04T19:19:13Z,1,82,100,20220720_154522_25_2402,20220720,154522,Y
2022-07-20T15:45:24.521867Z,0,96,100,0,0,TRUE,3.9,0,PSB.SD,PSScene,0,3,planetscope,2023-02-04T19:19:13Z,finalized,test,271.2,2402,0,0,5799527,125.3,64.8,2023-02-04T19:19:13Z,1,73,100,20220720_154524_52_2402,20220720,154524,N
2022-07-23T14:55:08.608727Z,0,96,88,0,0,TRUE,4,0,PSB.SD,PSScene,11,3,planetscope,2022-07-24T01:16:18Z,finalized,standard,101,2421,0,0,5806295,110.9,55.9,2022-07-24T04:34:28Z,5,68,100,20220723_145508_60_2421,20220723,145508,Y
2022-07-23T14:55:10.902967Z,0,99,100,0,0,TRUE,4,0,PSB.SD,PSScene,0,3,planetscope,2022-07-24T01:16:16Z,finalized,standard,101,2421,0,0,5806295,110.7,55.9,2022-07-24T04:34:29Z,5,70,100,20220723_145510_90_2421,20220723,145510,N
2022-07-30T15:11:14.311833Z,0,99,100,0,0,TRUE,3.9,0,PSB.SD,PSScene,0,3,planetscope,2022-07-31T10:42:20Z,finalized,standard,100.9,2276,0,0,5822987,117.9,58,2022-07-31T17:45:26Z,5,99,100,20220730_151114_31_2276,20220730,151114,N
2022-07-30T15:11:16.591511Z,0,99,100,0,0,TRUE,3.9,0,PSB.SD,PSScene,0,3,planetscope,2022-07-31T10:42:18Z,finalized,standard,100.9,2276,0,0,5822987,117.6,58,2022-07-31T17:45:18Z,5,99,100,20220730_151116_59_2276,20220730,151116,N
2022-08-02T15:27:21.211855Z,0,86,100,0,0,TRUE,4,0,PSB.SD,PSScene,0,3,planetscope,2022-08-03T03:44:17Z,finalized,test,104,249b,0,0,5829601,123.4,59.9,2022-09-04T21:33:23Z,2,59,100,20220802_152721_21_249b,20220802,152721,N
2022-08-03T14:52:44.397024Z,0,95,100,0,0,TRUE,4,0,PSB.SD,PSScene,0,3,planetscope,2022-08-04T00:41:26Z,finalized,standard,100.9,2448,0,0,5831547,113.8,53.8,2022-08-04T03:57:07Z,5,61,100,20220803_145244_39_2448,20220803,145244,N
2022-08-03T15:27:00.993926Z,0,93,100,0,0,TRUE,4,0,PSB.SD,PSScene,0,3,planetscope,2022-08-04T01:01:16Z,finalized,test,103.8,249c,0,0,5831882,124,59.8,2022-10-28T02:42:11Z,2,93,100,20220803_152700_99_249c,20220803,152700,N
2022-08-09T14:54:23.432842Z,0,97,100,0,0,TRUE,3.9,0,PSB.SD,PSScene,0,3,planetscope,2022-08-10T03:47:23Z,finalized,standard,108.6,2436,0,0,5844835,116.5,52.8,2022-08-10T13:14:51Z,1.9,97,100,20220809_145423_43_2436,20220809,145423,N
2022-08-09T14:54:25.7276Z,0,97,100,0,0,TRUE,3.9,0,PSB.SD,PSScene,0,3,planetscope,2022-08-10T09:20:34Z,finalized,standard,108.5,2436,0,0,5844835,116.3,52.8,2022-08-10T13:14:51Z,1.6,73,100,20220809_145425_72_2436,20220809,145425,N
2022-08-09T15:28:28.839826Z,0,94,100,0,0,TRUE,4,0,PSB.SD,PSScene,0,3,planetscope,2022-08-10T01:15:29Z,finalized,standard,276.4,248e,0,0,5844652,126.5,58.5,2022-08-10T04:42:20Z,3,73,100,20220809_152828_83_248e,20220809,152828,Y
2022-08-09T15:28:31.134446Z,0,93,100,0,0,TRUE,4,0,PSB.SD,PSScene,0,3,planetscope,2022-08-10T01:15:29Z,finalized,standard,276.6,248e,0,0,5844652,126.2,58.6,2022-08-10T04:42:27Z,3,73,100,20220809_152831_13_248e,20220809,152831,N
2022-08-10T14:51:39.928851Z,0,97,100,0,0,TRUE,4,0,PSB.SD,PSScene,0,3,planetscope,2022-08-10T22:26:33Z,finalized,standard,101.3,2442,0,0,5846720,116.1,52.7,2022-08-11T04:41:21Z,5,78,100,20220810_145139_92_2442,20220810,145139,N
2022-08-13T14:54:24.512115Z,0,97,100,0,0,TRUE,4,0,PSB.SD,PSScene,0,3,planetscope,2022-08-13T23:37:50Z,finalized,test,100.8,2434,0,0,5853560,118.2,52.5,2022-08-14T09:57:36Z,5,97,100,20220813_145424_51_2434,20220813,145424,N
2022-08-13T14:54:26.807913Z,0,98,100,0,0,TRUE,4,0,PSB.SD,PSScene,0,3,planetscope,2022-08-13T23:37:50Z,finalized,test,100.8,2434,0,0,5853560,118,52.5,2022-08-14T09:57:28Z,5,71,100,20220813_145426_80_2434,20220813,145426,N
2022-08-23T14:55:12.365429Z,0,96,100,0,0,TRUE,4,0,PSB.SD,PSScene,0,3,planetscope,2022-08-24T00:50:30Z,finalized,test,177.7,2465,0,0,5876064,122.6,50.5,2022-08-25T06:27:33Z,0,78,100,20220823_145512_36_2465,20220823,145512,N
2022-08-23T14:55:14.659148Z,0,95,100,0,0,TRUE,4,0,PSB.SD,PSScene,0,3,planetscope,2022-08-23T22:43:45Z,finalized,test,176.2,2465,0,0,5876064,122.4,50.5,2022-08-25T06:27:33Z,0,78,100,20220823_145514_65_2465,20220823,145514,Y
2022-08-26T14:53:44.850604Z,0,95,100,0,0,TRUE,4,0,PSB.SD,PSScene,0,3,planetscope,2022-08-27T07:07:54Z,finalized,standard,104.8,2429,0,0,5883999,123.7,49.8,2022-09-28T14:04:52Z,2,95,100,20220826_145344_85_2429,20220826,145344,N
2022-08-26T14:53:47.145362Z,0,95,100,0,0,TRUE,4,0,PSB.SD,PSScene,0,3,planetscope,2022-08-27T07:07:54Z,finalized,standard,104.9,2429,0,0,5883999,123.5,49.9,2022-09-28T14:04:52Z,2,95,100,20220826_145347_14_2429,20220826,145347,N
2022-08-26T15:15:54.005443Z,0,98,100,0,0,TRUE,3.8,0,PSB.SD,PSScene,0,3,planetscope,2022-08-27T03:00:30Z,finalized,standard,277.1,2276,0,0,5884016,129.5,52.7,2022-08-27T09:57:22Z,4,80,100,20220826_151554_00_2276,20220826,151554,N
2022-08-26T15:15:56.111682Z,0,97,100,0,0,TRUE,3.8,0,PSB.SD,PSScene,0,3,planetscope,2022-08-27T04:50:46Z,finalized,standard,277.1,2276,0,0,5884016,129.3,52.8,2022-08-27T09:57:14Z,4,75,100,20220826_151556_11_2276,20220826,151556,N
2022-08-30T14:50:19.383178Z,0,95,100,0,0,TRUE,4,0,PSB.SD,PSScene,0,3,planetscope,2022-08-31T07:14:02Z,finalized,standard,101.8,2457,0,0,5892830,124.8,48.6,2022-08-31T17:58:09Z,5,75,100,20220830_145019_38_2457,20220830,145019,N
2022-08-30T14:50:21.676379Z,0,94,100,0,0,TRUE,4,0,PSB.SD,PSScene,0,3,planetscope,2022-08-31T04:22:01Z,finalized,standard,101.7,2457,0,0,5892830,124.7,48.7,2022-08-31T17:58:09Z,5,74,100,20220830_145021_67_2457,20220830,145021,N
2022-08-31T15:27:04.466085Z,0,95,100,0,0,TRUE,3.9,0,PSB.SD,PSScene,0,3,planetscope,2022-09-01T03:17:15Z,finalized,standard,110.7,2480,0,0,5895345,136.3,53.6,2022-09-10T18:44:56Z,1,76,100,20220831_152704_46_2480,20220831,152704,N
2022-08-31T15:27:06.748651Z,0,94,100,0,0,TRUE,3.9,0,PSB.SD,PSScene,0,3,planetscope,2022-09-01T03:17:15Z,finalized,standard,110.6,2480,0,0,5895345,136.2,53.7,2022-09-10T18:44:56Z,1,94,100,20220831_152706_74_2480,20220831,152706,N
2022-09-01T15:37:56.145277Z,0,98,100,0,0,TRUE,4,0,PSB.SD,PSScene,0,3,planetscope,2022-09-01T22:50:19Z,finalized,test,101.5,227b,0,0,5897866,140.6,54.8,2022-09-02T09:57:26Z,3.1,83,100,20220901_153756_14_227b,20220901,153756,N
2022-09-02T14:53:55.166695Z,0,98,99,0,0,TRUE,4,0,PSB.SD,PSScene,0,3,planetscope,2022-09-03T07:36:47Z,finalized,standard,100.7,241f,0,0,5901377,126.7,48.3,2022-09-03T12:59:00Z,5,82,100,20220902_145355_16_241f,20220902,145355,N
2022-09-02T15:21:37.978763Z,0,95,99,0,0,TRUE,3.7,0,PSB.SD,PSScene,0,3,planetscope,2022-09-03T03:37:02Z,finalized,test,190.5,222f,0,0,5900311,135.2,52.4,2022-09-03T06:07:57Z,0.1,87,100,20220902_152137_97_222f,20220902,152137,N
2022-09-17T14:53:59.588661Z,0,75,99,0,0,TRUE,4,0,PSB.SD,PSScene,1,3,planetscope,2022-09-18T01:41:15Z,finalized,standard,101.1,2421,0,0,5935604,133.5,44.7,2022-09-18T06:11:23Z,5,63,100,20220917_145359_58_2421,20220917,145359,N
2022-09-17T14:54:01.880301Z,0,80,100,0,0,TRUE,4,0,PSB.SD,PSScene,0,3,planetscope,2022-09-18T01:41:15Z,finalized,standard,101.1,2421,0,0,5935604,133.4,44.8,2022-09-18T06:11:23Z,5,66,100,20220917_145401_88_2421,20220917,145401,N
2022-09-19T15:27:12.997102Z,0,95,100,0,0,TRUE,3.9,0,PSB.SD,PSScene,0,3,planetscope,2022-09-20T02:36:01Z,finalized,standard,101.9,248f,0,0,5940479,144.6,48.4,2022-09-20T09:59:59Z,3,83,100,20220919_152712_99_248f,20220919,152712,N
2022-09-19T15:27:15.288776Z,0,96,100,0,0,TRUE,3.9,0,PSB.SD,PSScene,0,3,planetscope,2022-09-20T02:36:01Z,finalized,standard,102,248f,0,0,5940479,144.5,48.5,2022-09-20T10:00:16Z,3,96,100,20220919_152715_28_248f,20220919,152715,Y
2022-09-19T15:40:15.458195Z,0,98,100,0,0,TRUE,4,0,PSB.SD,PSScene,0,3,planetscope,2022-09-20T03:13:32Z,finalized,standard,277,227a,0,0,5940750,147.8,49.3,2022-10-18T04:55:31Z,4,79,100,20220919_154015_45_227a,20220919,154015,N
2022-09-20T14:50:24.22219Z,0,97,100,0,0,TRUE,4,0,PSB.SD,PSScene,0,3,planetscope,2022-09-20T21:41:48Z,finalized,standard,100.5,2451,0,0,5942694,133.6,43.3,2022-09-21T04:34:36Z,5,97,100,20220920_145024_22_2451,20220920,145024,N
2022-09-20T14:50:26.51435Z,0,97,100,0,0,TRUE,4,0,PSB.SD,PSScene,0,3,planetscope,2022-09-21T01:15:41Z,finalized,standard,100.4,2451,0,0,5942694,133.5,43.4,2022-09-21T04:34:36Z,5.1,77,100,20220920_145026_51_2451,20220920,145026,N
2022-09-21T14:52:16.908219Z,0,97,100,0,0,TRUE,4,0,PSB.SD,PSScene,0,3,planetscope,2022-09-22T04:01:43Z,finalized,standard,100.8,2453,0,0,5945970,134.7,43.4,2022-09-22T09:57:48Z,5,97,100,20220921_145216_90_2453,20220921,145216,N
2022-09-21T14:52:19.200379Z,0,96,100,0,0,TRUE,4,0,PSB.SD,PSScene,0,3,planetscope,2022-09-22T04:01:43Z,finalized,standard,100.7,2453,0,0,5945970,134.6,43.5,2022-09-22T09:57:55Z,5,75,100,20220921_145219_20_2453,20220921,145219,N
2022-09-26T14:48:52.451464Z,0,96,100,0,0,TRUE,4,0,PSB.SD,PSScene,0,3,planetscope,2022-09-27T10:35:34Z,finalized,standard,101.1,241b,0,0,5958036,135.9,41.8,2023-03-08T16:01:33Z,5,96,100,20220926_144852_45_241b,20220926,144852,N
2022-09-26T14:50:46.778172Z,0,97,100,0,0,TRUE,4,0,PSB.SD,PSScene,0,3,planetscope,2022-09-27T03:20:25Z,finalized,standard,177.5,2451,0,0,5957749,135.9,41.6,2022-09-27T06:44:18Z,0.5,91,100,20220926_145046_77_2451,20220926,145046,N
2022-09-26T14:50:49.070332Z,0,96,100,0,0,TRUE,4,0,PSB.SD,PSScene,0,3,planetscope,2022-09-27T03:20:25Z,finalized,standard,175.6,2451,0,0,5957749,135.8,41.7,2022-09-27T06:44:18Z,0.5,96,100,20220926_145049_07_2451,20220926,145049,N
2022-09-27T14:52:24.5798Z,0,98,100,0,0,TRUE,4,0,PSB.SD,PSScene,0,3,planetscope,2022-09-28T06:42:11Z,finalized,standard,100.7,2453,0,0,5960276,137.1,41.7,2022-09-28T13:04:42Z,5,98,100,20220927_145224_57_2453,20220927,145224,N
2022-09-27T14:52:26.87144Z,0,98,100,0,0,TRUE,4,0,PSB.SD,PSScene,0,3,planetscope,2022-09-28T06:42:11Z,finalized,standard,100.8,2453,0,0,5960276,137,41.8,2022-09-28T13:04:54Z,5,98,100,20220927_145226_87_2453,20220927,145226,N
2022-10-06T14:54:57.98752Z,0,98,100,0,0,TRUE,4,0,PSB.SD,PSScene,0,3,planetscope,2022-10-06T23:41:31Z,finalized,standard,101.6,2458,0,0,5985163,140.6,39.4,2022-10-20T02:38:55Z,4,75,100,20221006_145457_98_2458,20221006,145457,N
2022-10-06T14:55:00.338727Z,0,99,100,0,0,TRUE,4,0,PSB.SD,PSScene,0,3,planetscope,2022-10-06T23:41:31Z,finalized,standard,101.3,2458,0,0,5985163,140.5,39.5,2022-10-20T02:38:55Z,4,78,100,20221006_145500_33_2458,20221006,145500,N
2022-10-07T14:53:09.893538Z,0,97,100,0,0,TRUE,4,0,PSB.SD,PSScene,0,3,planetscope,2022-10-08T02:02:59Z,finalized,standard,101,2434,0,0,5987688,140.8,38.9,2022-10-08T05:56:05Z,5,74,100,20221007_145309_89_2434,20221007,145309,N
2022-10-07T14:53:12.249269Z,0,97,100,0,0,TRUE,4,0,PSB.SD,PSScene,0,3,planetscope,2022-10-07T23:40:37Z,finalized,standard,101,2434,0,0,5987688,140.7,39,2022-10-08T05:56:05Z,5,73,100,20221007_145312_24_2434,20221007,145312,N
2022-10-07T15:26:32.348651Z,0,97,100,0,0,TRUE,4,0,PSB.SD,PSScene,0,3,planetscope,2022-10-08T01:34:55Z,finalized,standard,182.9,248e,0,0,5988074,150.4,42.6,2022-10-08T06:10:08Z,0.3,97,100,20221007_152632_34_248e,20221007,152632,N
2022-10-10T15:26:35.505604Z,0,97,100,0,0,TRUE,4,0,PSB.SD,PSScene,0,3,planetscope,2022-10-11T02:55:31Z,finalized,standard,106.4,247c,0,0,5995474,151.4,41.6,2022-10-11T06:05:12Z,1.1,97,100,20221010_152635_50_247c,20221010,152635,N
2022-10-15T15:27:37.460667Z,0,99,100,0,0,TRUE,4,0,PSB.SD,PSScene,0,3,planetscope,2022-10-16T04:45:50Z,finalized,standard,100.8,2492,0,0,6007922,152.9,40.1,2022-10-16T12:59:48Z,5,99,100,20221015_152737_46_2492,20221015,152737,N
2022-10-15T15:27:39.832431Z,0,99,100,0,0,TRUE,4,0,PSB.SD,PSScene,0,3,planetscope,2022-10-16T04:45:50Z,finalized,standard,100.9,2492,0,0,6007922,152.9,40.2,2022-10-16T12:59:19Z,5,99,100,20221015_152739_83_2492,20221015,152739,N
2022-10-19T14:53:41.8153Z,0,98,100,0,0,TRUE,4,0,PSB.SD,PSScene,0,3,planetscope,2022-10-20T05:55:03Z,finalized,standard,277.7,2459,0,0,6017979,143.4,34.9,2022-10-20T12:58:33Z,5,98,100,20221019_145341_81_2459,20221019,145341,Y
2022-10-19T14:53:44.160051Z,0,97,100,0,0,TRUE,4,0,PSB.SD,PSScene,0,3,planetscope,2022-10-20T05:55:03Z,finalized,standard,277.9,2459,0,0,6017979,143.4,35,2022-10-20T12:58:33Z,5,68,100,20221019_145344_16_2459,20221019,145344,N
2022-10-19T14:53:53.335618Z,0,99,100,0,0,TRUE,3.9,0,PSB.SD,PSScene,0,3,planetscope,2022-10-20T01:39:50Z,finalized,standard,102.7,2429,0,0,6017994,144.1,35.3,2022-10-20T08:00:28Z,2.9,99,100,20221019_145353_33_2429,20221019,145353,N
2022-10-19T14:53:55.674981Z,0,99,100,0,0,TRUE,3.9,0,PSB.SD,PSScene,0,3,planetscope,2022-10-20T01:39:50Z,finalized,standard,102.6,2429,0,0,6017994,144,35.4,2022-10-20T08:00:28Z,2.9,77,100,20221019_145355_67_2429,20221019,145355,N
2022-10-20T15:26:26.629514Z,0,98,100,0,0,TRUE,4,0,PSB.SD,PSScene,0,3,planetscope,2022-10-21T03:30:48Z,finalized,standard,100.9,2490,0,0,6020656,153.9,38.5,2022-10-21T12:58:56Z,5,98,100,20221020_152626_62_2490,20221020,152626,N
2022-10-20T15:26:28.994378Z,0,97,100,0,0,TRUE,4,0,PSB.SD,PSScene,0,3,planetscope,2022-10-21T03:30:48Z,finalized,test,100.8,2490,0,0,6020656,153.8,38.6,2022-10-21T12:59:01Z,5,68,100,20221020_152628_99_2490,20221020,152628,Y
2022-10-21T15:26:21.346797Z,0,98,100,0,0,TRUE,4,0,PSB.SD,PSScene,0,3,planetscope,2022-10-22T05:04:10Z,finalized,standard,101.2,2480,0,0,6023185,154,38.2,2022-10-22T12:59:58Z,5,98,100,20221021_152621_34_2480,20221021,152621,Y
2022-10-21T15:26:23.710172Z,0,98,100,0,0,TRUE,4,0,PSB.SD,PSScene,0,3,planetscope,2022-10-22T05:04:10Z,finalized,standard,101.1,2480,0,0,6023185,153.9,38.3,2022-10-22T13:00:19Z,5,77,100,20221021_152623_71_2480,20221021,152623,N
2022-10-22T15:36:22.198798Z,0,96,100,0,0,TRUE,4,0,PSB.SD,PSScene,0,3,planetscope,2022-10-23T01:21:32Z,finalized,standard,109.7,2416,0,0,6025237,156.9,38.5,2022-10-23T07:57:27Z,1,73,100,20221022_153622_19_2416,20221022,153622,N
2022-10-27T14:55:49.342354Z,0,98,100,0,0,TRUE,3.9,0,PSB.SD,PSScene,0,3,planetscope,2022-10-28T01:00:47Z,finalized,standard,269.9,242d,0,0,6037212,146.3,33.1,2022-10-28T09:03:45Z,1,98,100,20221027_145549_34_242d,20221027,145549,N
2022-10-27T14:55:51.700773Z,0,98,100,0,0,TRUE,3.9,0,PSB.SD,PSScene,0,3,planetscope,2022-10-28T01:00:47Z,finalized,standard,270.1,242d,0,0,6037212,146.2,33.2,2022-10-28T09:03:46Z,1,74,100,20221027_145551_70_242d,20221027,145551,N
2022-11-03T14:55:54.488254Z,0,95,100,0,0,TRUE,3.9,0,PSB.SD,PSScene,0,3,planetscope,2022-11-03T23:45:33Z,finalized,standard,275.7,2432,0,0,6053426,147.5,31.3,2022-11-04T07:04:39Z,2.2,74,100,20221103_145554_48_2432,20221103,145554,N
2022-11-05T14:52:52.961409Z,0,96,100,0,0,TRUE,3.9,0,PSB.SD,PSScene,0,3,planetscope,2022-11-06T00:41:22Z,finalized,standard,277.1,2459,0,0,6058240,146.9,30,2022-11-06T04:34:27Z,4.2,67,100,20221105_145252_96_2459,20221105,145252,N
2022-11-12T14:51:53.67424Z,0,98,100,0,0,TRUE,3.9,0,PSB.SD,PSScene,0,3,planetscope,2022-11-13T00:34:45Z,finalized,standard,100.5,2453,0,0,6073668,148.3,28.5,2022-11-13T04:37:44Z,5,98,100,20221112_145153_67_2453,20221112,145153,N
2022-11-12T14:51:56.01178Z,0,98,100,0,0,TRUE,3.9,0,PSB.SD,PSScene,0,3,planetscope,2022-11-13T00:34:45Z,finalized,test,100.4,2453,0,0,6073668,148.2,28.6,2022-11-13T09:58:10Z,5,98,100,20221112_145156_01_2453,20221112,145156,N
2022-11-13T15:36:15.23508Z,0,97,100,0,0,TRUE,4,0,PSB.SD,PSScene,0,3,planetscope,2022-11-13T21:33:12Z,finalized,standard,102.7,227b,0,0,6076002,159.5,32.1,2022-11-14T04:08:24Z,2.7,74,100,20221113_153615_23_227b,20221113,153615,N
2022-11-13T15:36:17.570063Z,0,98,100,0,0,TRUE,4,0,PSB.SD,PSScene,0,3,planetscope,2022-11-13T23:37:47Z,finalized,standard,102.7,227b,0,0,6076002,159.4,32.2,2022-11-14T04:08:24Z,2.6,79,100,20221113_153617_57_227b,20221113,153617,N
2022-11-14T14:50:49.273984Z,0,90,100,0,0,TRUE,3.9,0,PSB.SD,PSScene,0,3,planetscope,2022-11-15T00:51:27Z,finalized,standard,104.2,2457,0,0,6078334,148,27.7,2022-11-15T04:14:14Z,3,62,100,20221114_145049_27_2457,20221114,145049,N
2022-11-14T14:50:51.429114Z,0,92,100,0,0,TRUE,3.9,0,PSB.SD,PSScene,0,3,planetscope,2022-11-14T22:19:53Z,finalized,standard,104.2,2457,0,0,6078334,147.9,27.8,2022-11-15T04:14:14Z,3,71,100,20221114_145051_42_2457,20221114,145051,N
2022-11-17T15:28:35.808712Z,0,97,100,0,0,TRUE,4,0,PSB.SD,PSScene,0,3,planetscope,2022-11-18T03:04:14Z,finalized,standard,109.3,24a5,0,0,6084791,157.3,30.4,2022-11-18T09:00:50Z,0.9,77,100,20221117_152835_80_24a5,20221117,152835,N
2022-11-18T14:52:55.898717Z,0,95,100,0,0,TRUE,3.9,0,PSB.SD,PSScene,0,3,planetscope,2022-11-19T04:43:08Z,finalized,standard,277.4,2447,0,0,6086742,148.2,26.7,2022-11-19T09:57:14Z,4.9,75,100,20221118_145255_89_2447,20221118,145255,N
2022-11-21T15:27:25.43741Z,0,97,100,0,0,TRUE,4,0,PSB.SD,PSScene,0,3,planetscope,2022-11-22T04:51:22Z,finalized,standard,100.7,2479,0,0,6094268,157.5,29.5,2022-11-22T08:46:43Z,4.9,73,100,20221121_152725_43_2479,20221121,152725,N
2022-11-21T15:27:27.787706Z,0,98,100,0,0,TRUE,4,0,PSB.SD,PSScene,0,3,planetscope,2022-11-22T04:51:22Z,finalized,standard,100.8,2479,0,0,6094268,157.5,29.6,2022-11-22T08:46:43Z,4.9,78,100,20221121_152727_78_2479,20221121,152727,N
2022-11-22T15:16:08.664542Z,0,96,100,0,0,TRUE,3.7,0,PSB.SD,PSScene,0,3,planetscope,2022-11-23T00:55:16Z,finalized,standard,277.6,2251,0,0,6095754,154,28,2022-11-23T06:39:58Z,5,67,100,20221122_151608_66_2251,20221122,151608,N
2022-11-26T15:29:19.036433Z,0,97,100,0,0,TRUE,3.9,0,PSB.SD,PSScene,0,3,planetscope,2022-11-26T23:19:20Z,finalized,standard,104.2,2481,0,0,6104051,157.7,28.4,2022-11-27T03:57:28Z,1.9,80,100,20221126_152919_03_2481,20221126,152919,N
2022-11-26T15:31:14.398717Z,0,98,100,0,0,TRUE,4,0,PSB.SD,PSScene,0,3,planetscope,2022-11-27T02:22:56Z,finalized,standard,278.3,249d,0,0,6104054,157.5,28.3,2022-11-27T09:57:11Z,5,98,100,20221126_153114_39_249d,20221126,153114,N
2022-11-26T15:31:16.74846Z,0,98,100,0,0,TRUE,4,0,PSB.SD,PSScene,0,3,planetscope,2022-11-27T02:22:56Z,finalized,standard,278.3,249d,0,0,6104054,157.5,28.4,2022-11-27T09:57:26Z,5,98,100,20221126_153116_74_249d,20221126,153116,N
2022-11-26T15:39:41.51163Z,0,97,100,0,0,TRUE,4,0,PSB.SD,PSScene,0,3,planetscope,2022-11-26T23:35:11Z,finalized,standard,278.1,241c,0,0,6104072,159.9,28.9,2022-11-27T04:32:54Z,5,69,100,20221126_153941_51_241c,20221126,153941,N
2022-11-26T15:39:43.855385Z,0,96,100,0,0,TRUE,4,0,PSB.SD,PSScene,0,3,planetscope,2022-11-26T23:35:11Z,finalized,standard,278.1,241c,0,0,6104072,159.8,29,2022-11-27T04:33:06Z,5,73,100,20221126_153943_85_241c,20221126,153943,N
2022-11-28T15:27:42.611337Z,0,97,100,0,0,TRUE,3.9,0,PSB.SD,PSScene,0,3,planetscope,2022-11-29T01:27:52Z,finalized,standard,101.4,2489,0,0,6108468,157.7,27.9,2022-11-29T09:57:43Z,4.9,74,100,20221128_152742_61_2489,20221128,152742,N
2022-11-28T15:27:44.950664Z,0,97,100,0,0,TRUE,3.9,0,PSB.SD,PSScene,0,3,planetscope,2022-11-29T01:27:52Z,finalized,standard,101.4,2489,0,0,6108468,157.6,28.1,2022-11-29T09:57:41Z,4.9,79,100,20221128_152744_95_2489,20221128,152744,N
2022-12-01T15:13:19.685923Z,0,96,100,0,0,TRUE,3.7,0,PSB.SD,PSScene,0,3,planetscope,2022-12-02T02:43:15Z,finalized,standard,100.7,2276,0,0,6115694,154.2,26.4,2022-12-02T09:59:01Z,5,67,100,20221201_151319_68_2276,20221201,151319,Y
2022-12-04T14:55:11.562411Z,0,75,99,0,0,TRUE,3.9,0,PSB.SD,PSScene,1,3,planetscope,2022-12-05T00:47:51Z,finalized,standard,277.7,2464,0,0,6121573,148.9,23.7,2022-12-05T09:58:18Z,5,55,100,20221204_145511_56_2464,20221204,145511,Y
2022-12-14T14:52:36.178491Z,0,69,100,0,0,TRUE,3.9,0,PSB.SD,PSScene,0,3,planetscope,2022-12-15T02:18:26Z,finalized,standard,102.9,2439,0,0,6144000,148.7,22.8,2023-01-19T17:12:35Z,2.9,53,100,20221214_145236_17_2439,20221214,145236,N
2022-12-16T14:54:02.364546Z,0,96,100,0,0,TRUE,4,0,PSB.SD,PSScene,0,3,planetscope,2022-12-16T23:14:01Z,finalized,standard,278,2449,0,0,6148071,147.8,22,2022-12-17T04:42:38Z,5.1,96,100,20221216_145402_36_2449,20221216,145402,N
2022-12-17T15:29:09.526982Z,0,94,99,0,0,TRUE,3.9,0,PSB.SD,PSScene,0,3,planetscope,2022-12-18T00:37:16Z,finalized,standard,106.5,2490,1,0,6150872,156.3,25.4,2023-01-19T08:56:59Z,1.1,65,100,20221217_152909_52_2490,20221217,152909,N
2022-12-17T15:29:11.797862Z,0,93,98,0,0,TRUE,3.9,0,PSB.SD,PSScene,0,3,planetscope,2022-12-18T00:37:17Z,finalized,test,106.1,2490,2,0,6150872,156.3,25.5,2023-01-19T08:56:59Z,1.1,64,100,20221217_152911_79_2490,20221217,152911,N
2022-12-18T15:27:36.429334Z,0,96,100,0,0,TRUE,3.8,0,PSB.SD,PSScene,0,3,planetscope,2022-12-18T23:17:13Z,finalized,standard,106.6,2480,0,0,6152848,156.1,25.4,2022-12-19T03:58:04Z,1.3,96,100,20221218_152736_42_2480,20221218,152736,Y
2022-12-18T15:37:57.166288Z,0,95,100,0,0,TRUE,4,0,PSB.SD,PSScene,0,3,planetscope,2022-12-19T00:55:58Z,finalized,standard,276.6,2424,0,0,6153237,158,25.8,2022-12-19T06:42:51Z,3,67,100,20221218_153757_16_2424,20221218,153757,N
2022-12-18T15:37:59.489272Z,0,95,100,0,0,TRUE,4,0,PSB.SD,PSScene,0,3,planetscope,2022-12-19T00:55:58Z,finalized,standard,276.5,2424,0,0,6153237,157.9,25.9,2022-12-19T06:42:51Z,3,70,100,20221218_153759_48_2424,20221218,153759,N
2022-12-19T15:27:07.005203Z,0,96,100,0,0,TRUE,3.9,0,PSB.SD,PSScene,0,3,planetscope,2022-12-20T01:07:01Z,finalized,standard,100.6,2482,0,0,6155321,156.2,25.4,2022-12-20T09:58:34Z,5.1,67,100,20221219_152707_00_2482,20221219,152707,N
2022-12-19T15:27:09.330467Z,0,95,100,0,0,TRUE,3.9,0,PSB.SD,PSScene,0,3,planetscope,2022-12-20T01:07:02Z,finalized,standard,100.7,2482,0,0,6155321,156.2,25.5,2022-12-20T04:54:37Z,5.1,67,100,20221219_152709_33_2482,20221219,152709,Y
2022-12-20T14:54:05.807026Z,0,95,100,0,0,TRUE,3.9,0,PSB.SD,PSScene,0,3,planetscope,2022-12-20T21:30:29Z,finalized,standard,268.4,2464,0,0,6156990,147.8,21.9,2023-01-19T20:01:05Z,0.8,63,100,20221220_145405_80_2464,20221220,145405,N
2022-12-20T14:54:08.126242Z,0,95,100,0,0,TRUE,3.9,0,PSB.SD,PSScene,0,3,planetscope,2022-12-20T21:30:29Z,finalized,standard,268,2464,0,0,6156990,147.8,22,2023-01-19T20:01:05Z,0.8,69,100,20221220_145408_12_2464,20221220,145408,N
2022-12-21T15:37:16.431047Z,0,95,100,0,0,TRUE,4,0,PSB.SD,PSScene,0,3,planetscope,2022-12-22T08:39:17Z,finalized,standard,272.3,2254,0,0,6160175,157.8,25.9,2022-12-22T15:21:30Z,1.4,95,100,20221221_153716_43_2254,20221221,153716,N
2022-12-24T15:26:44.424532Z,0,95,100,0,0,TRUE,3.9,0,PSB.SD,PSScene,0,3,planetscope,2022-12-24T23:30:08Z,finalized,standard,100.9,2474,0,0,6165888,155.6,25.2,2022-12-25T03:57:52Z,4.6,68,100,20221224_152644_42_2474,20221224,152644,N
2022-12-24T15:35:49.929755Z,0,95,100,0,0,TRUE,4,0,PSB.SD,PSScene,0,3,planetscope,2022-12-25T01:12:49Z,finalized,standard,272.9,2424,0,0,6166200,157.2,25.7,2022-12-25T06:27:33Z,1.3,69,100,20221224_153549_92_2424,20221224,153549,N
2022-12-24T15:35:52.249679Z,0,95,100,0,0,TRUE,4,0,PSB.SD,PSScene,0,3,planetscope,2022-12-25T01:12:49Z,finalized,standard,272.6,2424,0,0,6166200,157.1,25.8,2022-12-25T06:27:33Z,1.3,68,100,20221224_153552_24_2424,20221224,153552,N
2022-12-25T15:30:02.611275Z,0,97,100,0,0,TRUE,3.9,0,PSB.SD,PSScene,0,3,planetscope,2022-12-25T20:11:11Z,finalized,standard,277.1,2495,0,0,6167943,155.5,25.2,2023-01-07T18:31:26Z,3.4,70,100,20221225_153002_61_2495,20221225,153002,N
2022-12-26T15:28:19.836112Z,0,96,100,0,0,TRUE,3.9,0,PSB.SD,PSScene,0,3,planetscope,2022-12-26T23:18:24Z,finalized,standard,101.1,2489,0,0,6170343,155.4,25.2,2022-12-27T03:57:25Z,4.9,74,100,20221226_152819_83_2489,20221226,152819,N
2022-12-26T15:28:22.161952Z,0,96,100,0,0,TRUE,3.9,0,PSB.SD,PSScene,0,3,planetscope,2022-12-26T23:18:24Z,finalized,standard,101.2,2489,0,0,6170343,155.3,25.4,2022-12-27T03:57:37Z,4.9,66,100,20221226_152822_16_2489,20221226,152822,N
2022-12-28T14:54:12.440659Z,0,94,100,0,0,TRUE,3.9,0,PSB.SD,PSScene,0,3,planetscope,2022-12-28T23:23:03Z,finalized,standard,184.1,2430,0,0,6174764,147,21.7,2022-12-29T03:57:29Z,0.1,65,100,20221228_145412_44_2430,20221228,145412,N
2022-12-28T14:54:14.751438Z,0,94,100,0,0,TRUE,3.9,0,PSB.SD,PSScene,0,3,planetscope,2022-12-28T23:23:04Z,finalized,standard,182.8,2430,0,0,6174764,146.9,21.9,2022-12-29T03:57:15Z,0.1,66,100,20221228_145414_75_2430,20221228,145414,N
2022-12-28T15:26:50.903825Z,0,96,100,0,0,TRUE,3.9,0,PSB.SD,PSScene,0,3,planetscope,2022-12-29T00:56:26Z,finalized,standard,101.3,249c,0,0,6175013,155,25.1,2023-01-15T03:37:04Z,4.5,68,100,20221228_152650_90_249c,20221228,152650,N
2022-12-28T15:26:53.176865Z,0,96,100,0,0,TRUE,3.9,0,PSB.SD,PSScene,0,3,planetscope,2022-12-29T00:56:26Z,finalized,standard,101.2,249c,0,0,6175013,154.9,25.2,2023-01-15T03:37:04Z,4.5,96,100,20221228_152653_17_249c,20221228,152653,Y
2022-12-28T15:26:55.449905Z,0,96,100,0,0,TRUE,3.9,0,PSB.SD,PSScene,0,3,planetscope,2022-12-29T00:56:26Z,finalized,standard,101.2,249c,0,0,6175013,154.9,25.3,2023-01-15T03:37:04Z,4.5,69,100,20221228_152655_44_249c,20221228,152655,N
2022-12-29T15:27:33.22544Z,0,97,100,0,0,TRUE,3.9,0,PSB.SD,PSScene,0,3,planetscope,2022-12-30T02:49:10Z,finalized,standard,101.9,2480,0,0,6177518,154.8,25.1,2022-12-30T06:48:50Z,3.8,70,100,20221229_152733_22_2480,20221229,152733,N
2022-12-29T15:27:35.559775Z,0,97,100,0,0,TRUE,3.9,0,PSB.SD,PSScene,0,3,planetscope,2022-12-30T02:49:10Z,finalized,standard,101.7,2480,0,0,6177518,154.7,25.2,2022-12-30T06:48:50Z,3.8,78,100,20221229_152735_55_2480,20221229,152735,N
2022-12-30T15:27:30.733618Z,0,97,100,0,0,TRUE,3.9,0,PSB.SD,PSScene,0,3,planetscope,2022-12-30T20:47:38Z,finalized,standard,102.1,2488,0,0,6178864,154.6,25.1,2022-12-31T04:40:39Z,2.8,73,100,20221230_152730_73_2488,20221230,152730,N
2022-12-30T15:27:33.072898Z,0,97,100,0,0,TRUE,3.9,0,PSB.SD,PSScene,0,3,planetscope,2022-12-30T20:47:38Z,finalized,standard,102.3,2488,0,0,6178864,154.5,25.2,2022-12-31T04:41:07Z,2.8,75,100,20221230_152733_07_2488,20221230,152733,Y
